host,device,timestamp,backend,res,nEdges,nCells,nVertices,group,kernel,extent,extent_count,samples,min_ns,median_ns,mean_ns,ns_per_elem
amdgpu06,AMD Radeon Graphics,2026-07-20T06:36:03Z,AMD,40km,3187,1020,2168,diagnostics,thicknessFlux,nEdges,3187,200,27640.0,30360.5,31333.225,8.672732977721996
amdgpu06,AMD Radeon Graphics,2026-07-20T06:36:03Z,AMD,40km,3187,1020,2168,diagnostics,velocityDivCell,nCells,1020,200,41230.0,45415.0,46086.48,40.42156862745098
amdgpu06,AMD Radeon Graphics,2026-07-20T06:36:03Z,AMD,40km,3187,1020,2168,diagnostics,relativeVorticity,nVertices,2168,200,27950.0,30550.0,31652.325,12.892066420664207
amdgpu06,AMD Radeon Graphics,2026-07-20T06:36:03Z,AMD,40km,3187,1020,2168,diagnostics,layerThicknessEdge,nEdges,3187,200,25540.0,29960.0,30295.83,8.01380608722937
amdgpu06,AMD Radeon Graphics,2026-07-20T06:36:03Z,AMD,40km,3187,1020,2168,normalVelTend,pressureGradient,nEdges,3187,200,27000.0,30300.0,31003.24,8.471917163476624
amdgpu06,AMD Radeon Graphics,2026-07-20T06:36:03Z,AMD,40km,3187,1020,2168,normalVelTend,advectionCoriolis,nEdges,3187,200,29980.0,32710.0,33400.785,9.406965798556636
amdgpu06,AMD Radeon Graphics,2026-07-20T06:36:03Z,AMD,40km,3187,1020,2168,normalVelTend,momentumMixing,nEdges,3187,200,25560.0,30330.5,31027.245,8.020081581424536
amdgpu06,AMD Radeon Graphics,2026-07-20T06:36:03Z,AMD,40km,3187,1020,2168,normalVelTend,windForcing,nEdges,3187,200,24870.0,29955.0,30381.625,7.803577031691246
amdgpu06,AMD Radeon Graphics,2026-07-20T06:36:03Z,AMD,40km,3187,1020,2168,layerThkTend,thicknessFluxDiv,nCells,1020,200,31120.0,33515.0,34217.145,30.50980392156863
amdgpu06,AMD Radeon Graphics,2026-07-20T06:36:03Z,AMD,40km,3187,1020,2168,integration,advanceTimeLevels,mixed,0,200,48530.0,56430.5,56951.61,NaN
amdgpu06,AMD Radeon Graphics,2026-07-20T06:36:03Z,AMD,40km,3187,1020,2168,composite,diagnostic_compute!,mixed,0,200,81151.0,89540.5,90688.515,NaN
amdgpu06,AMD Radeon Graphics,2026-07-20T06:36:03Z,AMD,40km,3187,1020,2168,composite,computeNormalVelocityTendency!,nEdges,3187,200,79170.0,89510.0,91097.14,24.84154377157201
amdgpu06,AMD Radeon Graphics,2026-07-20T06:36:03Z,AMD,40km,3187,1020,2168,composite,computeLayerThicknessTendency!,nCells,1020,200,42090.0,46080.0,46916.38,41.26470588235294
amdgpu06,AMD Radeon Graphics,2026-07-20T06:36:03Z,AMD,40km,3187,1020,2168,composite,ocn_timestep,mixed,0,200,1.104986e6,1.167356e6,1.175586155e6,NaN
amdgpu06,AMD Radeon Graphics,2026-07-20T06:36:03Z,AMD,20km,12859,4200,8660,diagnostics,thicknessFlux,nEdges,12859,200,28290.0,31375.0,31881.565,2.2000155533089667
amdgpu06,AMD Radeon Graphics,2026-07-20T06:36:03Z,AMD,20km,12859,4200,8660,diagnostics,velocityDivCell,nCells,4200,200,43620.0,47110.0,47943.3,10.385714285714286
amdgpu06,AMD Radeon Graphics,2026-07-20T06:36:03Z,AMD,20km,12859,4200,8660,diagnostics,relativeVorticity,nVertices,8660,200,25571.0,28865.0,29274.625,2.952771362586605
amdgpu06,AMD Radeon Graphics,2026-07-20T06:36:03Z,AMD,20km,12859,4200,8660,diagnostics,layerThicknessEdge,nEdges,12859,200,24130.0,30845.0,31380.725,1.876506726806128
amdgpu06,AMD Radeon Graphics,2026-07-20T06:36:03Z,AMD,20km,12859,4200,8660,normalVelTend,pressureGradient,nEdges,12859,200,25760.0,30130.0,30272.44,2.0032661948829613
amdgpu06,AMD Radeon Graphics,2026-07-20T06:36:03Z,AMD,20km,12859,4200,8660,normalVelTend,advectionCoriolis,nEdges,12859,200,28670.0,31185.0,31790.77,2.2295668403452833
amdgpu06,AMD Radeon Graphics,2026-07-20T06:36:03Z,AMD,20km,12859,4200,8660,normalVelTend,momentumMixing,nEdges,12859,200,26770.0,29310.0,29941.5,2.0818104051636985
amdgpu06,AMD Radeon Graphics,2026-07-20T06:36:03Z,AMD,20km,12859,4200,8660,normalVelTend,windForcing,nEdges,12859,200,29020.0,31160.0,32052.785,2.256785131036628
amdgpu06,AMD Radeon Graphics,2026-07-20T06:36:03Z,AMD,20km,12859,4200,8660,layerThkTend,thicknessFluxDiv,nCells,4200,200,27590.0,30865.0,31164.68,6.569047619047619
amdgpu06,AMD Radeon Graphics,2026-07-20T06:36:03Z,AMD,20km,12859,4200,8660,integration,advanceTimeLevels,mixed,0,200,47360.0,55665.0,56267.785,NaN
amdgpu06,AMD Radeon Graphics,2026-07-20T06:36:03Z,AMD,20km,12859,4200,8660,composite,diagnostic_compute!,mixed,0,200,83030.0,90685.5,91104.98,NaN
amdgpu06,AMD Radeon Graphics,2026-07-20T06:36:03Z,AMD,20km,12859,4200,8660,composite,computeNormalVelocityTendency!,nEdges,12859,200,84991.0,91625.0,92368.14,6.609456411851621
amdgpu06,AMD Radeon Graphics,2026-07-20T06:36:03Z,AMD,20km,12859,4200,8660,composite,computeLayerThicknessTendency!,nCells,4200,200,41871.0,44705.5,45536.045,9.969285714285714
amdgpu06,AMD Radeon Graphics,2026-07-20T06:36:03Z,AMD,20km,12859,4200,8660,composite,ocn_timestep,mixed,0,200,1.110416e6,1.1694165e6,1.18843578e6,NaN
amdgpu06,AMD Radeon Graphics,2026-07-20T06:36:03Z,AMD,10km,50195,16560,33636,diagnostics,thicknessFlux,nEdges,50195,200,27460.0,30530.0,31108.17,0.5470664408805658
amdgpu06,AMD Radeon Graphics,2026-07-20T06:36:03Z,AMD,10km,50195,16560,33636,diagnostics,velocityDivCell,nCells,16560,200,40000.0,46630.5,47148.925,2.4154589371980677
amdgpu06,AMD Radeon Graphics,2026-07-20T06:36:03Z,AMD,10km,50195,16560,33636,diagnostics,relativeVorticity,nVertices,33636,200,28760.0,31835.0,32203.66,0.8550362706623855
amdgpu06,AMD Radeon Graphics,2026-07-20T06:36:03Z,AMD,10km,50195,16560,33636,diagnostics,layerThicknessEdge,nEdges,50195,200,28390.0,31120.0,31417.35,0.5655941826875187
amdgpu06,AMD Radeon Graphics,2026-07-20T06:36:03Z,AMD,10km,50195,16560,33636,normalVelTend,pressureGradient,nEdges,50195,200,25160.0,30435.0,30427.46,0.5012451439386393
amdgpu06,AMD Radeon Graphics,2026-07-20T06:36:03Z,AMD,10km,50195,16560,33636,normalVelTend,advectionCoriolis,nEdges,50195,200,34920.0,36750.5,37567.28,0.6956868213965535
amdgpu06,AMD Radeon Graphics,2026-07-20T06:36:03Z,AMD,10km,50195,16560,33636,normalVelTend,momentumMixing,nEdges,50195,200,29650.0,32340.0,32956.49,0.5906962844904871
amdgpu06,AMD Radeon Graphics,2026-07-20T06:36:03Z,AMD,10km,50195,16560,33636,normalVelTend,windForcing,nEdges,50195,200,27520.0,31095.0,31443.765,0.5482617790616595
amdgpu06,AMD Radeon Graphics,2026-07-20T06:36:03Z,AMD,10km,50195,16560,33636,layerThkTend,thicknessFluxDiv,nCells,16560,200,28650.0,31275.5,31608.67,1.730072463768116
amdgpu06,AMD Radeon Graphics,2026-07-20T06:36:03Z,AMD,10km,50195,16560,33636,integration,advanceTimeLevels,mixed,0,200,50160.0,56220.0,57127.005,NaN
amdgpu06,AMD Radeon Graphics,2026-07-20T06:36:03Z,AMD,10km,50195,16560,33636,composite,diagnostic_compute!,mixed,0,200,82920.0,91605.5,91676.69,NaN
amdgpu06,AMD Radeon Graphics,2026-07-20T06:36:03Z,AMD,10km,50195,16560,33636,composite,computeNormalVelocityTendency!,nEdges,50195,200,81291.0,92000.5,92789.375,1.619503934654846
amdgpu06,AMD Radeon Graphics,2026-07-20T06:36:03Z,AMD,10km,50195,16560,33636,composite,computeLayerThicknessTendency!,nCells,16560,200,41861.0,45385.5,45883.04,2.5278381642512078
amdgpu06,AMD Radeon Graphics,2026-07-20T06:36:03Z,AMD,10km,50195,16560,33636,composite,ocn_timestep,mixed,0,200,1.099386e6,1.1902815e6,1.236654345e6,NaN
amdgpu06,AMD Radeon Graphics,2026-07-20T06:36:03Z,AMD,5km,201195,66720,134476,diagnostics,thicknessFlux,nEdges,201195,200,28130.0,30800.0,31210.76,0.13981460771887969
amdgpu06,AMD Radeon Graphics,2026-07-20T06:36:03Z,AMD,5km,201195,66720,134476,diagnostics,velocityDivCell,nCells,66720,200,43390.0,48220.0,48639.915,0.6503297362110312
amdgpu06,AMD Radeon Graphics,2026-07-20T06:36:03Z,AMD,5km,201195,66720,134476,diagnostics,relativeVorticity,nVertices,134476,200,32501.0,34700.0,35203.11,0.24168624884737797
amdgpu06,AMD Radeon Graphics,2026-07-20T06:36:03Z,AMD,5km,201195,66720,134476,diagnostics,layerThicknessEdge,nEdges,201195,200,27061.0,30865.5,31262.325,0.1345013544074157
amdgpu06,AMD Radeon Graphics,2026-07-20T06:36:03Z,AMD,5km,201195,66720,134476,normalVelTend,pressureGradient,nEdges,201195,200,30060.0,32660.5,33121.81,0.14940729143368375
amdgpu06,AMD Radeon Graphics,2026-07-20T06:36:03Z,AMD,5km,201195,66720,134476,normalVelTend,advectionCoriolis,nEdges,201195,200,54180.0,56895.0,58709.38,0.26929098635651977
amdgpu06,AMD Radeon Graphics,2026-07-20T06:36:03Z,AMD,5km,201195,66720,134476,normalVelTend,momentumMixing,nEdges,201195,200,33180.0,35401.0,36481.215,0.16491463505554313
amdgpu06,AMD Radeon Graphics,2026-07-20T06:36:03Z,AMD,5km,201195,66720,134476,normalVelTend,windForcing,nEdges,201195,200,28020.0,30405.0,30856.32,0.13926787445016028
amdgpu06,AMD Radeon Graphics,2026-07-20T06:36:03Z,AMD,5km,201195,66720,134476,layerThkTend,thicknessFluxDiv,nCells,66720,200,35630.0,38100.0,39254.895,0.5340227817745803
amdgpu06,AMD Radeon Graphics,2026-07-20T06:36:03Z,AMD,5km,201195,66720,134476,integration,advanceTimeLevels,mixed,0,200,50490.0,55660.0,56060.89,NaN
amdgpu06,AMD Radeon Graphics,2026-07-20T06:36:03Z,AMD,5km,201195,66720,134476,composite,diagnostic_compute!,mixed,0,200,82910.0,90890.5,91654.885,NaN
amdgpu06,AMD Radeon Graphics,2026-07-20T06:36:03Z,AMD,5km,201195,66720,134476,composite,computeNormalVelocityTendency!,nEdges,201195,200,95870.0,100751.0,103168.645,0.476502895201173
amdgpu06,AMD Radeon Graphics,2026-07-20T06:36:03Z,AMD,5km,201195,66720,134476,composite,computeLayerThicknessTendency!,nCells,66720,200,48140.0,51960.0,52834.88,0.7215227817745803
amdgpu06,AMD Radeon Graphics,2026-07-20T06:36:03Z,AMD,5km,201195,66720,134476,composite,ocn_timestep,mixed,0,200,1.170376e6,1.4067635e6,1.428388325e6,NaN
amdgpu06,AMD Radeon Graphics,2026-07-20T06:36:03Z,AMD,2.5km,799827,265920,533908,diagnostics,thicknessFlux,nEdges,799827,200,29410.0,31090.0,31714.95,0.036770451610160695
amdgpu06,AMD Radeon Graphics,2026-07-20T06:36:03Z,AMD,2.5km,799827,265920,533908,diagnostics,velocityDivCell,nCells,265920,200,82650.0,87535.5,88987.26,0.31080776173285196
amdgpu06,AMD Radeon Graphics,2026-07-20T06:36:03Z,AMD,2.5km,799827,265920,533908,diagnostics,relativeVorticity,nVertices,533908,200,94720.0,96796.0,98982.54,0.17740884197277434
amdgpu06,AMD Radeon Graphics,2026-07-20T06:36:03Z,AMD,2.5km,799827,265920,533908,diagnostics,layerThicknessEdge,nEdges,799827,200,32750.0,35670.0,35779.84,0.04094635464919289
amdgpu06,AMD Radeon Graphics,2026-07-20T06:36:03Z,AMD,2.5km,799827,265920,533908,normalVelTend,pressureGradient,nEdges,799827,200,36770.0,39085.0,39862.385,0.045972441540483126
amdgpu06,AMD Radeon Graphics,2026-07-20T06:36:03Z,AMD,2.5km,799827,265920,533908,normalVelTend,advectionCoriolis,nEdges,799827,200,438202.0,449538.0,454636.09,0.5478709770987976
amdgpu06,AMD Radeon Graphics,2026-07-20T06:36:03Z,AMD,2.5km,799827,265920,533908,normalVelTend,momentumMixing,nEdges,799827,200,59270.0,63430.0,64461.72,0.07410352488725687
amdgpu06,AMD Radeon Graphics,2026-07-20T06:36:03Z,AMD,2.5km,799827,265920,533908,normalVelTend,windForcing,nEdges,799827,200,34230.0,36115.0,36834.15,0.04279675479822512
amdgpu06,AMD Radeon Graphics,2026-07-20T06:36:03Z,AMD,2.5km,799827,265920,533908,layerThkTend,thicknessFluxDiv,nCells,265920,200,132840.0,134826.0,138819.44,0.49954873646209386
amdgpu06,AMD Radeon Graphics,2026-07-20T06:36:03Z,AMD,2.5km,799827,265920,533908,integration,advanceTimeLevels,mixed,0,200,51141.0,56245.0,56950.98,NaN
amdgpu06,AMD Radeon Graphics,2026-07-20T06:36:03Z,AMD,2.5km,799827,265920,533908,composite,diagnostic_compute!,mixed,0,200,177711.0,183431.0,187251.86,NaN
amdgpu06,AMD Radeon Graphics,2026-07-20T06:36:03Z,AMD,2.5km,799827,265920,533908,composite,computeNormalVelocityTendency!,nEdges,799827,200,511593.0,525353.0,531119.795,0.6396295698944897
amdgpu06,AMD Radeon Graphics,2026-07-20T06:36:03Z,AMD,2.5km,799827,265920,533908,composite,computeLayerThicknessTendency!,nCells,265920,200,144330.0,148966.0,154287.37,0.5427572202166066
amdgpu06,AMD Radeon Graphics,2026-07-20T06:36:03Z,AMD,2.5km,799827,265920,533908,composite,ocn_timestep,mixed,0,200,3.37573e6,4.281649e6,4.28676447e6,NaN
grace00,NVIDIA GH200 480GB,2026-07-20T07:25:17Z,CUDA,40km,3187,1020,2168,diagnostics,thicknessFlux,nEdges,3187,200,11744.0,12480.0,12643.39,3.6849701914025728
grace00,NVIDIA GH200 480GB,2026-07-20T07:25:17Z,CUDA,40km,3187,1020,2168,diagnostics,velocityDivCell,nCells,1020,200,19200.0,20144.0,20296.185,18.823529411764707
grace00,NVIDIA GH200 480GB,2026-07-20T07:25:17Z,CUDA,40km,3187,1020,2168,diagnostics,relativeVorticity,nVertices,2168,200,13664.0,14400.0,14480.98,6.302583025830258
grace00,NVIDIA GH200 480GB,2026-07-20T07:25:17Z,CUDA,40km,3187,1020,2168,diagnostics,layerThicknessEdge,nEdges,3187,200,12480.0,13024.5,13178.725,3.9159083777847505
grace00,NVIDIA GH200 480GB,2026-07-20T07:25:17Z,CUDA,40km,3187,1020,2168,normalVelTend,pressureGradient,nEdges,3187,200,13696.0,14512.0,14843.705,4.297458424850957
grace00,NVIDIA GH200 480GB,2026-07-20T07:25:17Z,CUDA,40km,3187,1020,2168,normalVelTend,advectionCoriolis,nEdges,3187,200,21312.0,22352.0,22624.38,6.687166614370882
grace00,NVIDIA GH200 480GB,2026-07-20T07:25:17Z,CUDA,40km,3187,1020,2168,normalVelTend,momentumMixing,nEdges,3187,200,15520.0,16352.0,16728.815,4.869783495450267
grace00,NVIDIA GH200 480GB,2026-07-20T07:25:17Z,CUDA,40km,3187,1020,2168,normalVelTend,windForcing,nEdges,3187,200,12416.0,13200.0,13487.555,3.8958267963602133
grace00,NVIDIA GH200 480GB,2026-07-20T07:25:17Z,CUDA,40km,3187,1020,2168,layerThkTend,thicknessFluxDiv,nCells,1020,200,17696.0,18432.0,18752.35,17.349019607843136
grace00,NVIDIA GH200 480GB,2026-07-20T07:25:17Z,CUDA,40km,3187,1020,2168,integration,advanceTimeLevels,mixed,0,200,21024.0,22592.0,23314.75,NaN
grace00,NVIDIA GH200 480GB,2026-07-20T07:25:17Z,CUDA,40km,3187,1020,2168,composite,diagnostic_compute!,mixed,0,200,33344.0,36128.0,36313.18,NaN
grace00,NVIDIA GH200 480GB,2026-07-20T07:25:17Z,CUDA,40km,3187,1020,2168,composite,computeNormalVelocityTendency!,nEdges,3187,200,39584.0,41328.0,42403.915,12.420458111076247
grace00,NVIDIA GH200 480GB,2026-07-20T07:25:17Z,CUDA,40km,3187,1020,2168,composite,computeLayerThicknessTendency!,nCells,1020,200,22912.0,24288.0,24725.825,22.462745098039214
grace00,NVIDIA GH200 480GB,2026-07-20T07:25:17Z,CUDA,40km,3187,1020,2168,composite,ocn_timestep,mixed,0,200,500416.0,533601.0,541350.74,NaN
grace00,NVIDIA GH200 480GB,2026-07-20T07:25:17Z,CUDA,20km,12859,4200,8660,diagnostics,thicknessFlux,nEdges,12859,200,11872.0,12544.0,12637.775,0.9232444202504083
grace00,NVIDIA GH200 480GB,2026-07-20T07:25:17Z,CUDA,20km,12859,4200,8660,diagnostics,velocityDivCell,nCells,4200,200,19584.0,20832.5,20972.035,4.662857142857143
grace00,NVIDIA GH200 480GB,2026-07-20T07:25:17Z,CUDA,20km,12859,4200,8660,diagnostics,relativeVorticity,nVertices,8660,200,14080.0,14784.0,14869.46,1.625866050808314
grace00,NVIDIA GH200 480GB,2026-07-20T07:25:17Z,CUDA,20km,12859,4200,8660,diagnostics,layerThicknessEdge,nEdges,12859,200,12832.0,13408.0,13504.325,0.9979003032895248
grace00,NVIDIA GH200 480GB,2026-07-20T07:25:17Z,CUDA,20km,12859,4200,8660,normalVelTend,pressureGradient,nEdges,12859,200,13793.0,14448.0,14715.235,1.0726339528734739
grace00,NVIDIA GH200 480GB,2026-07-20T07:25:17Z,CUDA,20km,12859,4200,8660,normalVelTend,advectionCoriolis,nEdges,12859,200,21248.0,22432.0,22803.07,1.6523835445991135
grace00,NVIDIA GH200 480GB,2026-07-20T07:25:17Z,CUDA,20km,12859,4200,8660,normalVelTend,momentumMixing,nEdges,12859,200,15808.0,16704.0,17022.58,1.2293335407107862
grace00,NVIDIA GH200 480GB,2026-07-20T07:25:17Z,CUDA,20km,12859,4200,8660,normalVelTend,windForcing,nEdges,12859,200,12512.0,13280.0,13556.18,0.9730150089431526
grace00,NVIDIA GH200 480GB,2026-07-20T07:25:17Z,CUDA,20km,12859,4200,8660,layerThkTend,thicknessFluxDiv,nCells,4200,200,18016.0,18784.0,19052.665,4.28952380952381
grace00,NVIDIA GH200 480GB,2026-07-20T07:25:17Z,CUDA,20km,12859,4200,8660,integration,advanceTimeLevels,mixed,0,200,21376.0,22784.0,23281.95,NaN
grace00,NVIDIA GH200 480GB,2026-07-20T07:25:17Z,CUDA,20km,12859,4200,8660,composite,diagnostic_compute!,mixed,0,200,33984.0,35808.0,35975.235,NaN
grace00,NVIDIA GH200 480GB,2026-07-20T07:25:17Z,CUDA,20km,12859,4200,8660,composite,computeNormalVelocityTendency!,nEdges,12859,200,38080.0,40896.0,42358.78,2.9613500272182907
grace00,NVIDIA GH200 480GB,2026-07-20T07:25:17Z,CUDA,20km,12859,4200,8660,composite,computeLayerThicknessTendency!,nCells,4200,200,22848.0,24256.0,24791.575,5.44
grace00,NVIDIA GH200 480GB,2026-07-20T07:25:17Z,CUDA,20km,12859,4200,8660,composite,ocn_timestep,mixed,0,200,497537.0,533712.0,538685.13,NaN
grace00,NVIDIA GH200 480GB,2026-07-20T07:25:17Z,CUDA,10km,50195,16560,33636,diagnostics,thicknessFlux,nEdges,50195,200,12384.0,13248.0,13419.705,0.24671780057774678
grace00,NVIDIA GH200 480GB,2026-07-20T07:25:17Z,CUDA,10km,50195,16560,33636,diagnostics,velocityDivCell,nCells,16560,200,20000.0,21216.0,21444.84,1.2077294685990339
grace00,NVIDIA GH200 480GB,2026-07-20T07:25:17Z,CUDA,10km,50195,16560,33636,diagnostics,relativeVorticity,nVertices,33636,200,14688.0,15392.0,15500.19,0.4366749910809847
grace00,NVIDIA GH200 480GB,2026-07-20T07:25:17Z,CUDA,10km,50195,16560,33636,diagnostics,layerThicknessEdge,nEdges,50195,200,13248.0,13984.0,14039.705,0.26393067038549656
grace00,NVIDIA GH200 480GB,2026-07-20T07:25:17Z,CUDA,10km,50195,16560,33636,normalVelTend,pressureGradient,nEdges,50195,200,14624.0,15552.0,15854.425,0.29134375933857953
grace00,NVIDIA GH200 480GB,2026-07-20T07:25:17Z,CUDA,10km,50195,16560,33636,normalVelTend,advectionCoriolis,nEdges,50195,200,22400.0,23552.0,23829.475,0.4462595876083275
grace00,NVIDIA GH200 480GB,2026-07-20T07:25:17Z,CUDA,10km,50195,16560,33636,normalVelTend,momentumMixing,nEdges,50195,200,16384.0,17408.0,17721.955,0.3264070126506624
grace00,NVIDIA GH200 480GB,2026-07-20T07:25:17Z,CUDA,10km,50195,16560,33636,normalVelTend,windForcing,nEdges,50195,200,12864.0,13568.0,13753.14,0.25628050602649666
grace00,NVIDIA GH200 480GB,2026-07-20T07:25:17Z,CUDA,10km,50195,16560,33636,layerThkTend,thicknessFluxDiv,nCells,16560,200,18496.0,19296.0,19630.275,1.1169082125603864
grace00,NVIDIA GH200 480GB,2026-07-20T07:25:17Z,CUDA,10km,50195,16560,33636,integration,advanceTimeLevels,mixed,0,200,21024.0,22624.0,23098.115,NaN
grace00,NVIDIA GH200 480GB,2026-07-20T07:25:17Z,CUDA,10km,50195,16560,33636,composite,diagnostic_compute!,mixed,0,200,34272.0,36224.0,36582.44,NaN
grace00,NVIDIA GH200 480GB,2026-07-20T07:25:17Z,CUDA,10km,50195,16560,33636,composite,computeNormalVelocityTendency!,nEdges,50195,200,39456.0,41424.0,42488.215,0.7860543878872398
grace00,NVIDIA GH200 480GB,2026-07-20T07:25:17Z,CUDA,10km,50195,16560,33636,composite,computeLayerThicknessTendency!,nCells,16560,200,23360.0,24864.0,25413.8,1.4106280193236715
grace00,NVIDIA GH200 480GB,2026-07-20T07:25:17Z,CUDA,10km,50195,16560,33636,composite,ocn_timestep,mixed,0,200,491489.0,524881.0,535652.63,NaN
grace00,NVIDIA GH200 480GB,2026-07-20T07:25:17Z,CUDA,5km,201195,66720,134476,diagnostics,thicknessFlux,nEdges,201195,200,14112.0,15008.0,15117.795,0.07014090807425633
grace00,NVIDIA GH200 480GB,2026-07-20T07:25:17Z,CUDA,5km,201195,66720,134476,diagnostics,velocityDivCell,nCells,66720,200,21728.0,22816.0,23054.595,0.32565947242206233
grace00,NVIDIA GH200 480GB,2026-07-20T07:25:17Z,CUDA,5km,201195,66720,134476,diagnostics,relativeVorticity,nVertices,134476,200,17984.0,20736.5,20625.005,0.13373390047294684
grace00,NVIDIA GH200 480GB,2026-07-20T07:25:17Z,CUDA,5km,201195,66720,134476,diagnostics,layerThicknessEdge,nEdges,201195,200,14976.0,15856.5,16116.195,0.07443524938492507
grace00,NVIDIA GH200 480GB,2026-07-20T07:25:17Z,CUDA,5km,201195,66720,134476,normalVelTend,pressureGradient,nEdges,201195,200,16128.0,17472.0,17853.45,0.08016103779915008
grace00,NVIDIA GH200 480GB,2026-07-20T07:25:17Z,CUDA,5km,201195,66720,134476,normalVelTend,advectionCoriolis,nEdges,201195,200,43520.0,44896.0,45157.17,0.21630756231516687
grace00,NVIDIA GH200 480GB,2026-07-20T07:25:17Z,CUDA,5km,201195,66720,134476,normalVelTend,momentumMixing,nEdges,201195,200,19424.0,20512.0,20908.51,0.09654315465096051
grace00,NVIDIA GH200 480GB,2026-07-20T07:25:17Z,CUDA,5km,201195,66720,134476,normalVelTend,windForcing,nEdges,201195,200,14144.0,15584.0,15875.4,0.07029995775242924
grace00,NVIDIA GH200 480GB,2026-07-20T07:25:17Z,CUDA,5km,201195,66720,134476,layerThkTend,thicknessFluxDiv,nCells,66720,200,22016.0,23392.0,23738.435,0.3299760191846523
grace00,NVIDIA GH200 480GB,2026-07-20T07:25:17Z,CUDA,5km,201195,66720,134476,integration,advanceTimeLevels,mixed,0,200,22528.0,25248.0,25612.85,NaN
grace00,NVIDIA GH200 480GB,2026-07-20T07:25:17Z,CUDA,5km,201195,66720,134476,composite,diagnostic_compute!,mixed,0,200,40704.0,43696.0,44202.31,NaN
grace00,NVIDIA GH200 480GB,2026-07-20T07:25:17Z,CUDA,5km,201195,66720,134476,composite,computeNormalVelocityTendency!,nEdges,201195,200,69376.0,71920.0,72653.55,0.34481970227888364
grace00,NVIDIA GH200 480GB,2026-07-20T07:25:17Z,CUDA,5km,201195,66720,134476,composite,computeLayerThicknessTendency!,nCells,66720,200,27776.0,29696.0,30360.535,0.4163069544364508
grace00,NVIDIA GH200 480GB,2026-07-20T07:25:17Z,CUDA,5km,201195,66720,134476,composite,ocn_timestep,mixed,0,200,550433.0,566465.0,591902.38,NaN
grace00,NVIDIA GH200 480GB,2026-07-20T07:25:17Z,CUDA,2.5km,799827,265920,533908,diagnostics,thicknessFlux,nEdges,799827,200,22272.0,23776.0,23925.95,0.0278460217021931
grace00,NVIDIA GH200 480GB,2026-07-20T07:25:17Z,CUDA,2.5km,799827,265920,533908,diagnostics,velocityDivCell,nCells,265920,200,41856.0,43840.0,43958.805,0.15740072202166064
grace00,NVIDIA GH200 480GB,2026-07-20T07:25:17Z,CUDA,2.5km,799827,265920,533908,diagnostics,relativeVorticity,nVertices,533908,200,39232.0,41024.0,41106.3,0.0734808244116964
grace00,NVIDIA GH200 480GB,2026-07-20T07:25:17Z,CUDA,2.5km,799827,265920,533908,diagnostics,layerThicknessEdge,nEdges,799827,200,23840.0,25440.0,25622.115,0.029806445643870486
grace00,NVIDIA GH200 480GB,2026-07-20T07:25:17Z,CUDA,2.5km,799827,265920,533908,normalVelTend,pressureGradient,nEdges,799827,200,26432.0,28576.0,28824.19,0.03304714644541882
grace00,NVIDIA GH200 480GB,2026-07-20T07:25:17Z,CUDA,2.5km,799827,265920,533908,normalVelTend,advectionCoriolis,nEdges,799827,200,132289.0,134624.0,134800.845,0.16539701710494895
grace00,NVIDIA GH200 480GB,2026-07-20T07:25:17Z,CUDA,2.5km,799827,265920,533908,normalVelTend,momentumMixing,nEdges,799827,200,37344.0,38960.0,39244.22,0.046690096733418604
grace00,NVIDIA GH200 480GB,2026-07-20T07:25:17Z,CUDA,2.5km,799827,265920,533908,normalVelTend,windForcing,nEdges,799827,200,23808.0,25536.0,25618.605,0.02976643699199952
grace00,NVIDIA GH200 480GB,2026-07-20T07:25:17Z,CUDA,2.5km,799827,265920,533908,layerThkTend,thicknessFluxDiv,nCells,265920,200,53632.0,55296.0,55535.925,0.2016847172081829
grace00,NVIDIA GH200 480GB,2026-07-20T07:25:17Z,CUDA,2.5km,799827,265920,533908,integration,advanceTimeLevels,mixed,0,200,34688.0,36736.0,37090.29,NaN
grace00,NVIDIA GH200 480GB,2026-07-20T07:25:17Z,CUDA,2.5km,799827,265920,533908,composite,diagnostic_compute!,mixed,0,200,89920.0,91600.0,91903.98,NaN
grace00,NVIDIA GH200 480GB,2026-07-20T07:25:17Z,CUDA,2.5km,799827,265920,533908,composite,computeNormalVelocityTendency!,nEdges,799827,200,186432.0,189952.5,190453.895,0.2330904058002543
grace00,NVIDIA GH200 480GB,2026-07-20T07:25:17Z,CUDA,2.5km,799827,265920,533908,composite,computeLayerThicknessTendency!,nCells,265920,200,59968.0,61904.0,62413.21,0.22551143200962695
grace00,NVIDIA GH200 480GB,2026-07-20T07:25:17Z,CUDA,2.5km,799827,265920,533908,composite,ocn_timestep,mixed,0,200,1.493122e6,1.500978e6,1.570271455e6,NaN
x4219c6s4b0n0,Intel(R) Data Center GPU Max 1550,2026-07-31T18:33:35Z,oneAPI,40km,3187,1020,2168,diagnostics,thicknessFlux,nEdges,3187,200,30143.0,76621.0,76322.865,9.458111076247254
x4219c6s4b0n0,Intel(R) Data Center GPU Max 1550,2026-07-31T18:33:35Z,oneAPI,40km,3187,1020,2168,diagnostics,velocityDivCell,nCells,1020,200,50205.0,52252.5,58939.635,49.220588235294116
x4219c6s4b0n0,Intel(R) Data Center GPU Max 1550,2026-07-31T18:33:35Z,oneAPI,40km,3187,1020,2168,diagnostics,relativeVorticity,nVertices,2168,200,35768.0,37829.0,38044.165,16.498154981549817
x4219c6s4b0n0,Intel(R) Data Center GPU Max 1550,2026-07-31T18:33:35Z,oneAPI,40km,3187,1020,2168,diagnostics,layerThicknessEdge,nEdges,3187,200,29684.0,31670.0,31737.015,9.314088484468153
x4219c6s4b0n0,Intel(R) Data Center GPU Max 1550,2026-07-31T18:33:35Z,oneAPI,40km,3187,1020,2168,normalVelTend,pressureGradient,nEdges,3187,200,28827.0,30652.5,30912.04,9.045183558205208
x4219c6s4b0n0,Intel(R) Data Center GPU Max 1550,2026-07-31T18:33:35Z,oneAPI,40km,3187,1020,2168,normalVelTend,advectionCoriolis,nEdges,3187,200,41315.0,43236.0,44199.755,12.963602133668026
x4219c6s4b0n0,Intel(R) Data Center GPU Max 1550,2026-07-31T18:33:35Z,oneAPI,40km,3187,1020,2168,normalVelTend,momentumMixing,nEdges,3187,200,34317.0,36567.0,36780.745,10.76780671477879
x4219c6s4b0n0,Intel(R) Data Center GPU Max 1550,2026-07-31T18:33:35Z,oneAPI,40km,3187,1020,2168,normalVelTend,windForcing,nEdges,3187,200,28926.0,30290.0,30514.735,9.076247254471289
x4219c6s4b0n0,Intel(R) Data Center GPU Max 1550,2026-07-31T18:33:35Z,oneAPI,40km,3187,1020,2168,layerThkTend,thicknessFluxDiv,nCells,1020,200,35017.0,36686.5,36814.02,34.33039215686274
x4219c6s4b0n0,Intel(R) Data Center GPU Max 1550,2026-07-31T18:33:35Z,oneAPI,40km,3187,1020,2168,integration,advanceTimeLevels,mixed,0,200,49692.0,51758.5,62062.505,NaN
x4219c6s4b0n0,Intel(R) Data Center GPU Max 1550,2026-07-31T18:33:35Z,oneAPI,40km,3187,1020,2168,composite,diagnostic_compute!,mixed,0,200,106144.0,113174.0,135746.03,NaN
x4219c6s4b0n0,Intel(R) Data Center GPU Max 1550,2026-07-31T18:33:35Z,oneAPI,40km,3187,1020,2168,composite,computeNormalVelocityTendency!,nEdges,3187,200,88403.0,92325.0,93078.135,27.73862566677126
x4219c6s4b0n0,Intel(R) Data Center GPU Max 1550,2026-07-31T18:33:35Z,oneAPI,40km,3187,1020,2168,composite,computeLayerThicknessTendency!,nCells,1020,200,43873.0,46592.5,47006.81,43.01274509803922
x4219c6s4b0n0,Intel(R) Data Center GPU Max 1550,2026-07-31T18:33:35Z,oneAPI,40km,3187,1020,2168,composite,ocn_timestep,mixed,0,200,1.464069e6,5.848717e6,4.23101077e6,NaN
x4219c6s4b0n0,Intel(R) Data Center GPU Max 1550,2026-07-31T18:33:35Z,oneAPI,20km,12859,4200,8660,diagnostics,thicknessFlux,nEdges,12859,200,23420.0,25388.0,25414.91,1.8212924799751147
x4219c6s4b0n0,Intel(R) Data Center GPU Max 1550,2026-07-31T18:33:35Z,oneAPI,20km,12859,4200,8660,diagnostics,velocityDivCell,nCells,4200,200,51923.0,54523.5,54596.07,12.362619047619047
x4219c6s4b0n0,Intel(R) Data Center GPU Max 1550,2026-07-31T18:33:35Z,oneAPI,20km,12859,4200,8660,diagnostics,relativeVorticity,nVertices,8660,200,38916.0,40724.0,40815.31,4.493764434180139
x4219c6s4b0n0,Intel(R) Data Center GPU Max 1550,2026-07-31T18:33:35Z,oneAPI,20km,12859,4200,8660,diagnostics,layerThicknessEdge,nEdges,12859,200,31552.0,33335.0,33363.88,2.453690022552298
x4219c6s4b0n0,Intel(R) Data Center GPU Max 1550,2026-07-31T18:33:35Z,oneAPI,20km,12859,4200,8660,normalVelTend,pressureGradient,nEdges,12859,200,28513.0,30671.5,30833.81,2.2173574928065944
x4219c6s4b0n0,Intel(R) Data Center GPU Max 1550,2026-07-31T18:33:35Z,oneAPI,20km,12859,4200,8660,normalVelTend,advectionCoriolis,nEdges,12859,200,39997.0,42092.5,42166.915,3.1104284936620266
x4219c6s4b0n0,Intel(R) Data Center GPU Max 1550,2026-07-31T18:33:35Z,oneAPI,20km,12859,4200,8660,normalVelTend,momentumMixing,nEdges,12859,200,34208.0,36570.0,36757.835,2.660237965627187
x4219c6s4b0n0,Intel(R) Data Center GPU Max 1550,2026-07-31T18:33:35Z,oneAPI,20km,12859,4200,8660,normalVelTend,windForcing,nEdges,12859,200,24634.0,26765.0,26897.355,1.9157010654016642
x4219c6s4b0n0,Intel(R) Data Center GPU Max 1550,2026-07-31T18:33:35Z,oneAPI,20km,12859,4200,8660,layerThkTend,thicknessFluxDiv,nCells,4200,200,33912.0,39146.5,38571.62,8.074285714285715
x4219c6s4b0n0,Intel(R) Data Center GPU Max 1550,2026-07-31T18:33:35Z,oneAPI,20km,12859,4200,8660,integration,advanceTimeLevels,mixed,0,200,48073.0,51738.0,51879.89,NaN
x4219c6s4b0n0,Intel(R) Data Center GPU Max 1550,2026-07-31T18:33:35Z,oneAPI,20km,12859,4200,8660,composite,diagnostic_compute!,mixed,0,200,100594.0,109594.5,109226.44,NaN
x4219c6s4b0n0,Intel(R) Data Center GPU Max 1550,2026-07-31T18:33:35Z,oneAPI,20km,12859,4200,8660,composite,computeNormalVelocityTendency!,nEdges,12859,200,94853.0,98191.0,98891.07,7.376390076988879
x4219c6s4b0n0,Intel(R) Data Center GPU Max 1550,2026-07-31T18:33:35Z,oneAPI,20km,12859,4200,8660,composite,computeLayerThicknessTendency!,nCells,4200,200,46492.0,49608.0,49947.805,11.06952380952381
x4219c6s4b0n0,Intel(R) Data Center GPU Max 1550,2026-07-31T18:33:35Z,oneAPI,20km,12859,4200,8660,composite,ocn_timestep,mixed,0,200,1.469375e6,1.650698e6,1.62170602e6,NaN
x4219c6s4b0n0,Intel(R) Data Center GPU Max 1550,2026-07-31T18:33:35Z,oneAPI,10km,50195,16560,33636,diagnostics,thicknessFlux,nEdges,50195,200,21940.0,24282.0,24305.61,0.43709532821994224
x4219c6s4b0n0,Intel(R) Data Center GPU Max 1550,2026-07-31T18:33:35Z,oneAPI,10km,50195,16560,33636,diagnostics,velocityDivCell,nCells,16560,200,49689.0,52323.5,52321.87,3.0005434782608695
x4219c6s4b0n0,Intel(R) Data Center GPU Max 1550,2026-07-31T18:33:35Z,oneAPI,10km,50195,16560,33636,diagnostics,relativeVorticity,nVertices,33636,200,42553.0,44623.5,44727.1,1.2651028659769294
x4219c6s4b0n0,Intel(R) Data Center GPU Max 1550,2026-07-31T18:33:35Z,oneAPI,10km,50195,16560,33636,diagnostics,layerThicknessEdge,nEdges,50195,200,31068.0,33841.0,33804.385,0.6189461101703357
x4219c6s4b0n0,Intel(R) Data Center GPU Max 1550,2026-07-31T18:33:35Z,oneAPI,10km,50195,16560,33636,normalVelTend,pressureGradient,nEdges,50195,200,29061.0,31394.5,31544.75,0.5789620480127503
x4219c6s4b0n0,Intel(R) Data Center GPU Max 1550,2026-07-31T18:33:35Z,oneAPI,10km,50195,16560,33636,normalVelTend,advectionCoriolis,nEdges,50195,200,67139.0,69993.0,70411.205,1.3375635023408705
x4219c6s4b0n0,Intel(R) Data Center GPU Max 1550,2026-07-31T18:33:35Z,oneAPI,10km,50195,16560,33636,normalVelTend,momentumMixing,nEdges,50195,200,35210.0,37662.5,37803.24,0.7014642892718398
x4219c6s4b0n0,Intel(R) Data Center GPU Max 1550,2026-07-31T18:33:35Z,oneAPI,10km,50195,16560,33636,normalVelTend,windForcing,nEdges,50195,200,25087.0,27173.5,27305.54,0.4997908158183086
x4219c6s4b0n0,Intel(R) Data Center GPU Max 1550,2026-07-31T18:33:35Z,oneAPI,10km,50195,16560,33636,layerThkTend,thicknessFluxDiv,nCells,16560,200,37829.0,40694.5,40708.12,2.2843599033816426
x4219c6s4b0n0,Intel(R) Data Center GPU Max 1550,2026-07-31T18:33:35Z,oneAPI,10km,50195,16560,33636,integration,advanceTimeLevels,mixed,0,200,48451.0,51449.0,51712.195,NaN
x4219c6s4b0n0,Intel(R) Data Center GPU Max 1550,2026-07-31T18:33:35Z,oneAPI,10km,50195,16560,33636,composite,diagnostic_compute!,mixed,0,200,105198.0,111157.5,110805.34,NaN
x4219c6s4b0n0,Intel(R) Data Center GPU Max 1550,2026-07-31T18:33:35Z,oneAPI,10km,50195,16560,33636,composite,computeNormalVelocityTendency!,nEdges,50195,200,130171.0,135814.5,136394.065,2.593306106185875
x4219c6s4b0n0,Intel(R) Data Center GPU Max 1550,2026-07-31T18:33:35Z,oneAPI,10km,50195,16560,33636,composite,computeLayerThicknessTendency!,nCells,16560,200,51000.0,53847.5,54200.225,3.079710144927536
x4219c6s4b0n0,Intel(R) Data Center GPU Max 1550,2026-07-31T18:33:35Z,oneAPI,10km,50195,16560,33636,composite,ocn_timestep,mixed,0,200,1.626449e6,1.652225e6,1.656602215e6,NaN
x4219c6s4b0n0,Intel(R) Data Center GPU Max 1550,2026-07-31T18:33:35Z,oneAPI,5km,201195,66720,134476,diagnostics,thicknessFlux,nEdges,201195,200,23772.0,26520.5,26428.665,0.11815402967270558
x4219c6s4b0n0,Intel(R) Data Center GPU Max 1550,2026-07-31T18:33:35Z,oneAPI,5km,201195,66720,134476,diagnostics,velocityDivCell,nCells,66720,200,63677.0,66663.5,66688.45,0.9543914868105515
x4219c6s4b0n0,Intel(R) Data Center GPU Max 1550,2026-07-31T18:33:35Z,oneAPI,5km,201195,66720,134476,diagnostics,relativeVorticity,nVertices,134476,200,60266.0,63156.0,63129.995,0.4481543174990333
x4219c6s4b0n0,Intel(R) Data Center GPU Max 1550,2026-07-31T18:33:35Z,oneAPI,5km,201195,66720,134476,diagnostics,layerThicknessEdge,nEdges,201195,200,35466.0,37491.0,37519.415,0.17627674644002087
x4219c6s4b0n0,Intel(R) Data Center GPU Max 1550,2026-07-31T18:33:35Z,oneAPI,5km,201195,66720,134476,normalVelTend,pressureGradient,nEdges,201195,200,34301.0,36949.0,37090.025,0.17048634409403812
x4219c6s4b0n0,Intel(R) Data Center GPU Max 1550,2026-07-31T18:33:35Z,oneAPI,5km,201195,66720,134476,normalVelTend,advectionCoriolis,nEdges,201195,200,119881.0,128040.5,127972.655,0.5958448271577326
x4219c6s4b0n0,Intel(R) Data Center GPU Max 1550,2026-07-31T18:33:35Z,oneAPI,5km,201195,66720,134476,normalVelTend,momentumMixing,nEdges,201195,200,45184.0,47658.5,47770.74,0.22457814558015854
x4219c6s4b0n0,Intel(R) Data Center GPU Max 1550,2026-07-31T18:33:35Z,oneAPI,5km,201195,66720,134476,normalVelTend,windForcing,nEdges,201195,200,26411.0,29082.0,29168.375,0.13127065781952832
x4219c6s4b0n0,Intel(R) Data Center GPU Max 1550,2026-07-31T18:33:35Z,oneAPI,5km,201195,66720,134476,layerThkTend,thicknessFluxDiv,nCells,66720,200,68308.0,70413.0,70445.085,1.0238009592326138
x4219c6s4b0n0,Intel(R) Data Center GPU Max 1550,2026-07-31T18:33:35Z,oneAPI,5km,201195,66720,134476,integration,advanceTimeLevels,mixed,0,200,49200.0,52341.5,52562.76,NaN
x4219c6s4b0n0,Intel(R) Data Center GPU Max 1550,2026-07-31T18:33:35Z,oneAPI,5km,201195,66720,134476,composite,diagnostic_compute!,mixed,0,200,130756.0,136954.5,136983.26,NaN
x4219c6s4b0n0,Intel(R) Data Center GPU Max 1550,2026-07-31T18:33:35Z,oneAPI,5km,201195,66720,134476,composite,computeNormalVelocityTendency!,nEdges,201195,200,199121.0,207414.5,207671.78,0.9896915927334178
x4219c6s4b0n0,Intel(R) Data Center GPU Max 1550,2026-07-31T18:33:35Z,oneAPI,5km,201195,66720,134476,composite,computeLayerThicknessTendency!,nCells,66720,200,81607.0,83891.5,84273.375,1.2231264988009591
x4219c6s4b0n0,Intel(R) Data Center GPU Max 1550,2026-07-31T18:33:35Z,oneAPI,5km,201195,66720,134476,composite,ocn_timestep,mixed,0,200,2.186882e6,2.2265425e6,2.22710271e6,NaN
x4219c6s4b0n0,sapphirerapids,2026-07-31T18:35:13Z,CPU,40km,3187,1020,2168,diagnostics,thicknessFlux,nEdges,3187,200,4858.0,6116.0,5588.375,1.5243175400062754
x4219c6s4b0n0,sapphirerapids,2026-07-31T18:35:13Z,CPU,40km,3187,1020,2168,diagnostics,velocityDivCell,nCells,1020,200,13123.0,13310.0,13382.31,12.865686274509804
x4219c6s4b0n0,sapphirerapids,2026-07-31T18:35:13Z,CPU,40km,3187,1020,2168,diagnostics,relativeVorticity,nVertices,2168,200,14815.0,14970.0,15541.22,6.833487084870849
x4219c6s4b0n0,sapphirerapids,2026-07-31T18:35:13Z,CPU,40km,3187,1020,2168,diagnostics,layerThicknessEdge,nEdges,3187,200,5826.0,5913.5,5937.65,1.8280514590524004
x4219c6s4b0n0,sapphirerapids,2026-07-31T18:35:13Z,CPU,40km,3187,1020,2168,normalVelTend,pressureGradient,nEdges,3187,200,15687.0,15911.0,15958.41,4.922183871979918
x4219c6s4b0n0,sapphirerapids,2026-07-31T18:35:13Z,CPU,40km,3187,1020,2168,normalVelTend,advectionCoriolis,nEdges,3187,200,83804.0,84316.5,84599.985,26.295575776592408
x4219c6s4b0n0,sapphirerapids,2026-07-31T18:35:13Z,CPU,40km,3187,1020,2168,normalVelTend,momentumMixing,nEdges,3187,200,15958.0,16053.0,16120.735,5.007216818324443
x4219c6s4b0n0,sapphirerapids,2026-07-31T18:35:13Z,CPU,40km,3187,1020,2168,normalVelTend,windForcing,nEdges,3187,200,4981.0,5055.5,5112.985,1.5629118293065578
x4219c6s4b0n0,sapphirerapids,2026-07-31T18:35:13Z,CPU,40km,3187,1020,2168,layerThkTend,thicknessFluxDiv,nCells,1020,200,18648.0,18726.5,18796.685,18.28235294117647
x4219c6s4b0n0,sapphirerapids,2026-07-31T18:35:13Z,CPU,40km,3187,1020,2168,integration,advanceTimeLevels,mixed,0,200,8045.0,8190.0,8269.66,NaN
x4219c6s4b0n0,sapphirerapids,2026-07-31T18:35:13Z,CPU,40km,3187,1020,2168,composite,diagnostic_compute!,mixed,0,200,40216.0,40614.5,40876.105,NaN
x4219c6s4b0n0,sapphirerapids,2026-07-31T18:35:13Z,CPU,40km,3187,1020,2168,composite,computeNormalVelocityTendency!,nEdges,3187,200,124636.0,126076.0,126568.24,39.10762472544713
x4219c6s4b0n0,sapphirerapids,2026-07-31T18:35:13Z,CPU,40km,3187,1020,2168,composite,computeLayerThicknessTendency!,nCells,1020,200,21120.0,21237.0,21355.12,20.705882352941178
x4219c6s4b0n0,sapphirerapids,2026-07-31T18:35:13Z,CPU,40km,3187,1020,2168,composite,ocn_timestep,mixed,0,200,858515.0,869763.5,873805.965,NaN
x4219c6s4b0n0,sapphirerapids,2026-07-31T18:35:13Z,CPU,20km,12859,4200,8660,diagnostics,thicknessFlux,nEdges,12859,200,15008.0,15264.5,15514.77,1.1671203048448557
x4219c6s4b0n0,sapphirerapids,2026-07-31T18:35:13Z,CPU,20km,12859,4200,8660,diagnostics,velocityDivCell,nCells,4200,200,44532.0,45002.0,45255.195,10.602857142857143
x4219c6s4b0n0,sapphirerapids,2026-07-31T18:35:13Z,CPU,20km,12859,4200,8660,diagnostics,relativeVorticity,nVertices,8660,200,54418.0,54784.0,54848.98,6.283833718244804
x4219c6s4b0n0,sapphirerapids,2026-07-31T18:35:13Z,CPU,20km,12859,4200,8660,diagnostics,layerThicknessEdge,nEdges,12859,200,19422.0,19692.0,19867.295,1.5103818337351271
x4219c6s4b0n0,sapphirerapids,2026-07-31T18:35:13Z,CPU,20km,12859,4200,8660,normalVelTend,pressureGradient,nEdges,12859,200,55334.0,55688.5,55921.395,4.303133991756746
x4219c6s4b0n0,sapphirerapids,2026-07-31T18:35:13Z,CPU,20km,12859,4200,8660,normalVelTend,advectionCoriolis,nEdges,12859,200,352953.0,354620.0,355376.195,27.4479352982347
x4219c6s4b0n0,sapphirerapids,2026-07-31T18:35:13Z,CPU,20km,12859,4200,8660,normalVelTend,momentumMixing,nEdges,12859,200,62893.0,63562.5,63746.045,4.890971304144957
x4219c6s4b0n0,sapphirerapids,2026-07-31T18:35:13Z,CPU,20km,12859,4200,8660,normalVelTend,windForcing,nEdges,12859,200,16639.0,16859.0,17007.28,1.2939575394665215
x4219c6s4b0n0,sapphirerapids,2026-07-31T18:35:13Z,CPU,20km,12859,4200,8660,layerThkTend,thicknessFluxDiv,nCells,4200,200,76560.0,77156.0,77539.175,18.228571428571428
x4219c6s4b0n0,sapphirerapids,2026-07-31T18:35:13Z,CPU,20km,12859,4200,8660,integration,advanceTimeLevels,mixed,0,200,28223.0,28787.0,28927.33,NaN
x4219c6s4b0n0,sapphirerapids,2026-07-31T18:35:13Z,CPU,20km,12859,4200,8660,composite,diagnostic_compute!,mixed,0,200,139757.0,141015.0,141307.79,NaN
x4219c6s4b0n0,sapphirerapids,2026-07-31T18:35:13Z,CPU,20km,12859,4200,8660,composite,computeNormalVelocityTendency!,nEdges,12859,200,520303.0,522838.0,525664.715,40.46216657593903
x4219c6s4b0n0,sapphirerapids,2026-07-31T18:35:13Z,CPU,20km,12859,4200,8660,composite,computeLayerThicknessTendency!,nCells,4200,200,83337.0,84437.5,84860.37,19.842142857142857
x4219c6s4b0n0,sapphirerapids,2026-07-31T18:35:13Z,CPU,20km,12859,4200,8660,composite,ocn_timestep,mixed,0,200,3.436856e6,3.452157e6,3.456370685e6,NaN
x4219c6s4b0n0,sapphirerapids,2026-07-31T18:35:13Z,CPU,10km,50195,16560,33636,diagnostics,thicknessFlux,nEdges,50195,200,57882.0,58942.0,59285.51,1.1531427433011257
x4219c6s4b0n0,sapphirerapids,2026-07-31T18:35:13Z,CPU,10km,50195,16560,33636,diagnostics,velocityDivCell,nCells,16560,200,175256.0,176966.0,178488.035,10.583091787439614
x4219c6s4b0n0,sapphirerapids,2026-07-31T18:35:13Z,CPU,10km,50195,16560,33636,diagnostics,relativeVorticity,nVertices,33636,200,283531.0,285417.0,286592.245,8.42939112855274
x4219c6s4b0n0,sapphirerapids,2026-07-31T18:35:13Z,CPU,10km,50195,16560,33636,diagnostics,layerThicknessEdge,nEdges,50195,200,75696.0,77620.5,78590.85,1.5080386492678555
x4219c6s4b0n0,sapphirerapids,2026-07-31T18:35:13Z,CPU,10km,50195,16560,33636,normalVelTend,pressureGradient,nEdges,50195,200,226675.0,231319.0,234161.615,4.515888036657038
x4219c6s4b0n0,sapphirerapids,2026-07-31T18:35:13Z,CPU,10km,50195,16560,33636,normalVelTend,advectionCoriolis,nEdges,50195,200,1.555777e6,1.565045e6,1.57361122e6,30.994660822791115
x4219c6s4b0n0,sapphirerapids,2026-07-31T18:35:13Z,CPU,10km,50195,16560,33636,normalVelTend,momentumMixing,nEdges,50195,200,299021.0,300644.5,302283.945,5.957186970813826
x4219c6s4b0n0,sapphirerapids,2026-07-31T18:35:13Z,CPU,10km,50195,16560,33636,normalVelTend,windForcing,nEdges,50195,200,62864.0,65021.5,65484.88,1.252395656937942
x4219c6s4b0n0,sapphirerapids,2026-07-31T18:35:13Z,CPU,10km,50195,16560,33636,layerThkTend,thicknessFluxDiv,nCells,16560,200,368226.0,370214.5,371999.705,22.235869565217392
x4219c6s4b0n0,sapphirerapids,2026-07-31T18:35:13Z,CPU,10km,50195,16560,33636,integration,advanceTimeLevels,mixed,0,200,84165.0,88680.0,90485.415,NaN
x4219c6s4b0n0,sapphirerapids,2026-07-31T18:35:13Z,CPU,10km,50195,16560,33636,composite,diagnostic_compute!,mixed,0,200,617465.0,620346.5,623408.47,NaN
x4219c6s4b0n0,sapphirerapids,2026-07-31T18:35:13Z,CPU,10km,50195,16560,33636,composite,computeNormalVelocityTendency!,nEdges,50195,200,2.196935e6,2.207565e6,2.215791685e6,43.76800478135272
x4219c6s4b0n0,sapphirerapids,2026-07-31T18:35:13Z,CPU,10km,50195,16560,33636,composite,computeLayerThicknessTendency!,nCells,16560,200,399126.0,411734.5,426987.605,24.1018115942029
x4219c6s4b0n0,sapphirerapids,2026-07-31T18:35:13Z,CPU,10km,50195,16560,33636,composite,ocn_timestep,mixed,0,200,1.4372758e7,1.45182685e7,1.45391205e7,NaN
x4219c6s4b0n0,sapphirerapids,2026-07-31T18:35:13Z,CPU,5km,201195,66720,134476,diagnostics,thicknessFlux,nEdges,201195,200,221702.0,224673.5,226783.0,1.1019259921966251
x4219c6s4b0n0,sapphirerapids,2026-07-31T18:35:13Z,CPU,5km,201195,66720,134476,diagnostics,velocityDivCell,nCells,66720,200,1.030917e6,1.032982e6,1.03800385e6,15.451393884892086
x4219c6s4b0n0,sapphirerapids,2026-07-31T18:35:13Z,CPU,5km,201195,66720,134476,diagnostics,relativeVorticity,nVertices,134476,200,1.738283e6,1.740309e6,1.740894655e6,12.926343734197923
x4219c6s4b0n0,sapphirerapids,2026-07-31T18:35:13Z,CPU,5km,201195,66720,134476,diagnostics,layerThicknessEdge,nEdges,201195,200,332872.0,335606.5,337272.63,1.654474514774224
x4219c6s4b0n0,sapphirerapids,2026-07-31T18:35:13Z,CPU,5km,201195,66720,134476,normalVelTend,pressureGradient,nEdges,201195,200,982957.0,1.002405e6,1.030987455e6,4.885593578369244
x4219c6s4b0n0,sapphirerapids,2026-07-31T18:35:13Z,CPU,5km,201195,66720,134476,normalVelTend,advectionCoriolis,nEdges,201195,200,1.161868e7,1.16501165e7,1.177502525e7,57.74835358731579
x4219c6s4b0n0,sapphirerapids,2026-07-31T18:35:13Z,CPU,5km,201195,66720,134476,normalVelTend,momentumMixing,nEdges,201195,200,1.886262e6,1.8910295e6,1.899994365e6,9.375292626556327
x4219c6s4b0n0,sapphirerapids,2026-07-31T18:35:13Z,CPU,5km,201195,66720,134476,normalVelTend,windForcing,nEdges,201195,200,240517.0,242643.0,244717.95,1.1954422326598573
x4219c6s4b0n0,sapphirerapids,2026-07-31T18:35:13Z,CPU,5km,201195,66720,134476,layerThkTend,thicknessFluxDiv,nCells,66720,200,2.188363e6,2.199749e6,2.207251e6,32.79920563549161
x4219c6s4b0n0,sapphirerapids,2026-07-31T18:35:13Z,CPU,5km,201195,66720,134476,integration,advanceTimeLevels,mixed,0,200,435073.0,448408.0,451270.1,NaN
x4219c6s4b0n0,sapphirerapids,2026-07-31T18:35:13Z,CPU,5km,201195,66720,134476,composite,diagnostic_compute!,mixed,0,200,3.355687e6,3.364598e6,3.36998579e6,NaN
x4219c6s4b0n0,sapphirerapids,2026-07-31T18:35:13Z,CPU,5km,201195,66720,134476,composite,computeNormalVelocityTendency!,nEdges,201195,200,1.4619782e7,1.47338575e7,1.488946899e7,72.66473818931883
x4219c6s4b0n0,sapphirerapids,2026-07-31T18:35:13Z,CPU,5km,201195,66720,134476,composite,computeLayerThicknessTendency!,nCells,66720,200,2.304325e6,2.3157415e6,2.32298889e6,34.53724520383693
x4219c6s4b0n0,sapphirerapids,2026-07-31T18:35:13Z,CPU,5km,201195,66720,134476,composite,ocn_timestep,mixed,0,200,8.8144207e7,8.9333431e7,8.963758918e7,NaN

